"pravilo","EV","SE","HE_per_bet","bet"
"S17",-0.042195,0.00116308767285529,0.0366020907301594,1.152803
"H17",-0.043469,0.00116358983322316,0.0376154362694874,1.155616
