"payout_bj","EV","HE_per_bet","bj_rate"
"3:2",-0.035525,0.0308178774051391,0.04725
"6:5",-0.049103,0.0425967694362996,0.04725
