"surrender","EV","HE_per_bet","surrender_rate"
"ON",-0.04253,0.036911674087189,0.07794
"OFF",-0.042635,0.0370326940448892,0
