"split","EV","HE_per_bet"
"ON",-0.031755,0.0274595090061655
"OFF",-0.04253,0.036911674087189
