"pravila","EV","HE_per_bet","HE_per_hand","ROI"
"best",0.01456,-0.00542158804867514,-0.01456,0.00542158804867514
"worst",-0.051346,0.0335772533171156,0.051346,-0.0335772533171156
