"pravilo","EV","HE_per_bet","ROI","bet"
"S17",-0.037442,0.017135566024697,-0.017135566024697,2.185046
"H17",-0.037592,0.0171736405267217,-0.0171736405267217,2.188936
