"split","EV","HE_per_bet"
"ON",-0.038545,0.0178470556641077
"OFF",-0.056645,0.0262517610855702
