"payout_bj","EV","HE_per_bet","bj_rate","bet"
"3:2",-0.04614,0.0211955697859771,0.04725,2.17687
"6:5",-0.074118,0.034047967953989,0.04725,2.17687
